{"cameraMode":{"drawMode":0,"name":"Shaded","section":"Shading Mode"},"sceneLighting":true,"audioPlay":false,"sceneViewState":{"m_AlwaysRefresh":false,"showFog":true,"showSkybox":true,"showFlares":true,"showImageEffects":true,"showParticleSystems":true,"showVisualEffectGraphs":true,"m_FxEnabled":true},"in2DMode":false,"pivot":{"x":66.72937774658203,"y":6.292897701263428,"z":-24.833166122436525},"rotation":{"x":0.0008652643882669508,"y":-0.9987897276878357,"z":0.04697670415043831,"w":0.01777392439544201},"size":45.46965408325195,"orthographic":true}